{"cameraMode":{"drawMode":0,"name":"Shaded","section":"Shading Mode"},"sceneLighting":false,"audioPlay":false,"sceneViewState":{"m_AlwaysRefresh":true,"showFog":true,"showSkybox":false,"showFlares":true,"showImageEffects":true,"showParticleSystems":true,"showVisualEffectGraphs":true,"m_FxEnabled":true},"in2DMode":false,"pivot":{"x":-25.739999771118165,"y":26.92099952697754,"z":0.31299999356269839},"rotation":{"x":-0.05468229949474335,"y":0.9452635645866394,"z":-0.232826828956604,"w":-0.22202789783477784},"size":0.8660253882408142,"orthographic":false}