{"cameraMode":{"drawMode":0,"name":"Shaded","section":"Shading Mode"},"sceneLighting":false,"audioPlay":false,"sceneViewState":{"m_AlwaysRefresh":false,"showFog":true,"showSkybox":false,"showFlares":true,"showImageEffects":true,"showParticleSystems":true,"showVisualEffectGraphs":true,"m_FxEnabled":true},"in2DMode":false,"pivot":{"x":-25.739999771118165,"y":26.92099952697754,"z":0.31299999356269839},"rotation":{"x":0.015505073592066765,"y":0.9688714742660523,"z":-0.23895765841007234,"w":0.06287263333797455},"size":0.8660253882408142,"orthographic":false}