{"cameraMode":{"drawMode":0,"name":"Shaded","section":"Shading Mode"},"sceneLighting":false,"audioPlay":false,"sceneViewState":{"m_AlwaysRefresh":true,"showFog":true,"showSkybox":false,"showFlares":true,"showImageEffects":true,"showParticleSystems":true,"showVisualEffectGraphs":true,"m_FxEnabled":true},"in2DMode":false,"pivot":{"x":-19.681238174438478,"y":11.965115547180176,"z":-18.067161560058595},"rotation":{"x":-0.00011592442024266347,"y":-0.9897230863571167,"z":-0.003014408750459552,"w":0.1440504640340805},"size":0.8660253882408142,"orthographic":false}