{"cameraMode":{"drawMode":0,"name":"Shaded","section":"Shading Mode"},"sceneLighting":false,"audioPlay":false,"sceneViewState":{"m_AlwaysRefresh":true,"showFog":true,"showSkybox":false,"showFlares":true,"showImageEffects":true,"showParticleSystems":true,"showVisualEffectGraphs":true,"m_FxEnabled":true},"in2DMode":false,"pivot":{"x":-4.970122337341309,"y":26.142271041870118,"z":-1.6146340370178223},"rotation":{"x":0.009962555021047593,"y":-0.9875378608703613,"z":0.14048416912555695,"w":0.0700245052576065},"size":2.326503276824951,"orthographic":false}