{"cameraMode":{"drawMode":0,"name":"Shaded","section":"Shading Mode"},"sceneLighting":false,"audioPlay":false,"sceneViewState":{"m_AlwaysRefresh":true,"showFog":true,"showSkybox":false,"showFlares":true,"showImageEffects":true,"showParticleSystems":true,"showVisualEffectGraphs":true,"m_FxEnabled":true},"in2DMode":false,"pivot":{"x":38.77193069458008,"y":8.200923919677735,"z":17.131868362426759},"rotation":{"x":0.0010638611856848002,"y":-0.9824702143669128,"z":0.18792898952960969,"w":0.0018126254435628653},"size":0.8660253882408142,"orthographic":false}