{"cameraMode":{"drawMode":0,"name":"Shaded","section":"Shading Mode"},"sceneLighting":false,"audioPlay":false,"sceneViewState":{"m_AlwaysRefresh":false,"showFog":true,"showSkybox":false,"showFlares":true,"showImageEffects":true,"showParticleSystems":true,"showVisualEffectGraphs":true,"m_FxEnabled":true},"in2DMode":false,"pivot":{"x":-32.05945587158203,"y":-19.91266632080078,"z":0.029160182923078538},"rotation":{"x":0.015505073592066765,"y":0.9688714742660523,"z":-0.23895765841007234,"w":0.06287263333797455},"size":0.8660253882408142,"orthographic":false}