{"cameraMode":{"drawMode":0,"name":"Shaded","section":"Shading Mode"},"sceneLighting":true,"audioPlay":false,"sceneViewState":{"m_AlwaysRefresh":true,"showFog":true,"showSkybox":true,"showFlares":true,"showImageEffects":true,"showParticleSystems":true,"showVisualEffectGraphs":true,"m_FxEnabled":true},"in2DMode":false,"pivot":{"x":-2.0867807865142824,"y":3.3595058917999269,"z":1.1430022716522217},"rotation":{"x":-0.00037602026714012027,"y":0.9999386072158814,"z":0.024015240371227266,"w":-0.014875334687530995},"size":1.4660253524780274,"orthographic":false}