{"cameraMode":{"drawMode":0,"name":"Shaded","section":"Shading Mode"},"sceneLighting":true,"audioPlay":false,"sceneViewState":{"m_AlwaysRefresh":true,"showFog":true,"showSkybox":true,"showFlares":true,"showImageEffects":true,"showParticleSystems":true,"showVisualEffectGraphs":true,"m_FxEnabled":true},"in2DMode":false,"pivot":{"x":-20.745359420776368,"y":3.301251173019409,"z":-24.08591651916504},"rotation":{"x":0.00012381523265503347,"y":-0.9975965023040772,"z":0.06925412267446518,"w":0.0017871882300823928},"size":51.47847366333008,"orthographic":false}