{"cameraMode":{"drawMode":0,"name":"Shaded","section":"Shading Mode"},"sceneLighting":true,"audioPlay":false,"sceneViewState":{"m_AlwaysRefresh":true,"showFog":true,"showSkybox":true,"showFlares":true,"showImageEffects":true,"showParticleSystems":true,"showVisualEffectGraphs":true,"m_FxEnabled":true},"in2DMode":false,"pivot":{"x":181.62820434570313,"y":7.532013893127441,"z":7.076580047607422},"rotation":{"x":0.13627055287361146,"y":0.040134843438863757,"z":-0.005720993969589472,"w":0.9898619055747986},"size":13.1331787109375,"orthographic":false}