{"cameraMode":{"drawMode":0,"name":"Shaded","section":"Shading Mode"},"sceneLighting":true,"audioPlay":false,"sceneViewState":{"m_AlwaysRefresh":true,"showFog":true,"showSkybox":true,"showFlares":true,"showImageEffects":true,"showParticleSystems":true,"showVisualEffectGraphs":true,"m_FxEnabled":true},"in2DMode":false,"pivot":{"x":-1.7593635320663453,"y":0.8174000382423401,"z":-6.5894389152526859},"rotation":{"x":-0.0007606257568113506,"y":0.9910482168197632,"z":-0.13340923190116883,"w":-0.005647554527968168},"size":11.39050006866455,"orthographic":false}