{"cameraMode":{"drawMode":0,"name":"Shaded","section":"Shading Mode"},"sceneLighting":true,"audioPlay":false,"sceneViewState":{"m_AlwaysRefresh":true,"showFog":true,"showSkybox":true,"showFlares":true,"showImageEffects":true,"showParticleSystems":true,"showVisualEffectGraphs":true,"m_FxEnabled":true},"in2DMode":false,"pivot":{"x":-10.538386344909668,"y":2.000816583633423,"z":0.1179346889257431},"rotation":{"x":0.005358988884836435,"y":0.9948326945304871,"z":-0.06424053758382797,"w":0.07953916490077973},"size":4.989089488983154,"orthographic":false}