{"cameraMode":{"drawMode":0,"name":"Shaded","section":"Shading Mode"},"sceneLighting":true,"audioPlay":false,"sceneViewState":{"m_AlwaysRefresh":true,"showFog":true,"showSkybox":true,"showFlares":true,"showImageEffects":true,"showParticleSystems":true,"showVisualEffectGraphs":true,"m_FxEnabled":true},"in2DMode":false,"pivot":{"x":54.26520919799805,"y":5.728814125061035,"z":5.082734107971191},"rotation":{"x":-0.0061130584217607979,"y":0.9933611750602722,"z":0.06266623735427857,"w":0.09750684350728989},"size":8.05237102508545,"orthographic":false}