{"cameraMode":{"drawMode":0,"name":"Shaded","section":"Shading Mode"},"sceneLighting":false,"audioPlay":false,"sceneViewState":{"m_AlwaysRefresh":true,"showFog":true,"showSkybox":false,"showFlares":true,"showImageEffects":true,"showParticleSystems":true,"showVisualEffectGraphs":true,"m_FxEnabled":true},"in2DMode":false,"pivot":{"x":0.07349391281604767,"y":0.04432019963860512,"z":-0.9287033677101135},"rotation":{"x":-0.005211948417127132,"y":-0.6793646216392517,"z":-0.005410342942923307,"w":0.7339863777160645},"size":2.476832866668701,"orthographic":false}