{"cameraMode":{"drawMode":0,"name":"Shaded","section":"Shading Mode"},"sceneLighting":false,"audioPlay":false,"sceneViewState":{"m_AlwaysRefresh":true,"showFog":true,"showSkybox":false,"showFlares":true,"showImageEffects":true,"showParticleSystems":true,"showVisualEffectGraphs":true,"m_FxEnabled":true},"in2DMode":false,"pivot":{"x":-13.286462783813477,"y":1.7135616540908814,"z":-1.1149245500564576},"rotation":{"x":-0.0012397407554090024,"y":-0.9981920719146729,"z":0.05576648935675621,"w":-0.02217278815805912},"size":0.8660253882408142,"orthographic":false}