{"cameraMode":{"drawMode":0,"name":"Shaded","section":"Shading Mode"},"sceneLighting":false,"audioPlay":false,"sceneViewState":{"m_AlwaysRefresh":true,"showFog":true,"showSkybox":false,"showFlares":true,"showImageEffects":true,"showParticleSystems":true,"showVisualEffectGraphs":true,"m_FxEnabled":true},"in2DMode":false,"pivot":{"x":-13.164508819580079,"y":0.8036280274391174,"z":-1.9736486673355103},"rotation":{"x":-0.0010055328020825983,"y":-0.996249258518219,"z":0.0856979489326477,"w":-0.011665050871670246},"size":2.0660252571105959,"orthographic":false}