{"cameraMode":{"drawMode":0,"name":"Shaded","section":"Shading Mode"},"sceneLighting":false,"audioPlay":false,"sceneViewState":{"m_AlwaysRefresh":true,"showFog":true,"showSkybox":false,"showFlares":true,"showImageEffects":true,"showParticleSystems":true,"showVisualEffectGraphs":true,"m_FxEnabled":true},"in2DMode":false,"pivot":{"x":1.5022565126419068,"y":1.4195878505706788,"z":0.36699140071868899},"rotation":{"x":-0.06799928843975067,"y":0.722168505191803,"z":-0.07172805070877075,"w":-0.6846036314964294},"size":0.8660253882408142,"orthographic":false}