{"cameraMode":{"drawMode":0,"name":"Shaded","section":"Shading Mode"},"sceneLighting":false,"audioPlay":false,"sceneViewState":{"m_AlwaysRefresh":true,"showFog":true,"showSkybox":false,"showFlares":true,"showImageEffects":true,"showParticleSystems":true,"showVisualEffectGraphs":true,"m_FxEnabled":true},"in2DMode":false,"pivot":{"x":0.6596829295158386,"y":1.6228127479553223,"z":-0.016489021480083467},"rotation":{"x":-0.07698763161897659,"y":0.778545618057251,"z":-0.0974314734339714,"w":-0.6151622533798218},"size":0.8660253882408142,"orthographic":false}