{"cameraMode":{"drawMode":0,"name":"Shaded","section":"Shading Mode"},"sceneLighting":false,"audioPlay":false,"sceneViewState":{"m_AlwaysRefresh":true,"showFog":true,"showSkybox":false,"showFlares":true,"showImageEffects":true,"showParticleSystems":true,"showVisualEffectGraphs":true,"m_FxEnabled":true},"in2DMode":false,"pivot":{"x":0.07594435662031174,"y":-1.5806200504302979,"z":-4.197094440460205},"rotation":{"x":0.0010638611856848002,"y":-0.9824702143669128,"z":0.18792898952960969,"w":0.0018126254435628653},"size":3.9079349040985109,"orthographic":false}