{"cameraMode":{"drawMode":0,"name":"Shaded","section":"Shading Mode"},"sceneLighting":false,"audioPlay":false,"sceneViewState":{"m_AlwaysRefresh":true,"showFog":true,"showSkybox":false,"showFlares":true,"showImageEffects":true,"showParticleSystems":true,"showVisualEffectGraphs":true,"m_FxEnabled":true},"in2DMode":false,"pivot":{"x":-0.8151116371154785,"y":2.9526071548461916,"z":-0.026995539665222169},"rotation":{"x":-0.00557543383911252,"y":0.9943459630012512,"z":-0.08102873712778092,"w":-0.06841769069433212},"size":0.8660253882408142,"orthographic":false}