{"cameraMode":{"drawMode":0,"name":"Shaded","section":"Shading Mode"},"sceneLighting":true,"audioPlay":false,"sceneViewState":{"showFog":true,"showMaterialUpdate":true,"showSkybox":true,"showFlares":true,"showImageEffects":true,"showParticleSystems":true},"in2DMode":false,"pivot":{"x":-6.095645904541016,"y":-5.660749912261963,"z":-58.25257873535156},"rotation":{"x":-0.002189433667808771,"y":0.9966496825218201,"z":-0.07789815217256546,"w":-0.027227645739912988},"size":34.71903991699219,"orthographic":false}