{"cameraMode":{"drawMode":0,"name":"Shaded","section":"Shading Mode"},"sceneLighting":true,"audioPlay":false,"sceneViewState":{"showFog":true,"showMaterialUpdate":true,"showSkybox":true,"showFlares":true,"showImageEffects":true,"showParticleSystems":true},"in2DMode":false,"pivot":{"x":22.093727111816408,"y":2.561985969543457,"z":15.297486305236817},"rotation":{"x":-0.000027967716960120015,"y":0.9997074604034424,"z":-0.024307692423462869,"w":-0.0011984502198174596},"size":1.4678876399993897,"orthographic":false}