{"cameraMode":{"drawMode":0,"name":"Shaded","section":"Shading Mode"},"sceneLighting":false,"audioPlay":false,"sceneViewState":{"showFog":true,"showMaterialUpdate":true,"showSkybox":false,"showFlares":true,"showImageEffects":true,"showParticleSystems":true},"in2DMode":false,"pivot":{"x":-33.561614990234378,"y":32.69742965698242,"z":0.496856689453125},"rotation":{"x":0.0025633960030972959,"y":-0.9904918074607849,"z":-0.017817722633481027,"w":-0.1369829773902893},"size":0.9622276425361633,"orthographic":false}