{"cameraMode":{"drawMode":0,"name":"Shaded","section":"Shading Mode"},"sceneLighting":false,"audioPlay":false,"sceneViewState":{"showFog":true,"showMaterialUpdate":true,"showSkybox":false,"showFlares":true,"showImageEffects":true,"showParticleSystems":true},"in2DMode":false,"pivot":{"x":16.329235076904298,"y":4.973378658294678,"z":13.315452575683594},"rotation":{"x":0.05126582086086273,"y":-0.9488264322280884,"z":0.21414759755134583,"w":0.22672197222709657},"size":1.6111440658569337,"orthographic":false}