{"cameraMode":{"drawMode":0,"name":"Shaded","section":"Shading Mode"},"sceneLighting":true,"audioPlay":false,"sceneViewState":{"showFog":true,"showMaterialUpdate":true,"showSkybox":true,"showFlares":true,"showImageEffects":true,"showParticleSystems":true},"in2DMode":false,"pivot":{"x":-33.41828155517578,"y":26.856773376464845,"z":-1.7322335243225098},"rotation":{"x":-0.0003383012372069061,"y":0.9990765452384949,"z":-0.042812421917915347,"w":-0.007798552513122559},"size":2.092323064804077,"orthographic":false}