{"cameraMode":{"drawMode":0,"name":"Shaded","section":"Shading Mode"},"sceneLighting":true,"audioPlay":false,"sceneViewState":{"showFog":true,"showMaterialUpdate":true,"showSkybox":true,"showFlares":true,"showImageEffects":true,"showParticleSystems":true},"in2DMode":false,"pivot":{"x":21.2623233795166,"y":2.865992546081543,"z":4.127155303955078},"rotation":{"x":-0.0009423524024896324,"y":0.9938859343528748,"z":-0.1107763797044754,"w":-0.007112597580999136},"size":1.3325815200805665,"orthographic":false}