{"cameraMode":{"drawMode":0,"name":"Shaded","section":"Shading Mode"},"sceneLighting":false,"audioPlay":false,"sceneViewState":{"showFog":true,"showMaterialUpdate":true,"showSkybox":false,"showFlares":true,"showImageEffects":true,"showParticleSystems":true},"in2DMode":false,"pivot":{"x":-13.472101211547852,"y":7.544025897979736,"z":0.3965625762939453},"rotation":{"x":-0.0036726377438753845,"y":0.9894633293151856,"z":-0.14279507100582124,"w":-0.02553781308233738},"size":0.9510021805763245,"orthographic":false}