{"cameraMode":{"drawMode":0,"name":"Shaded","section":"Shading Mode"},"sceneLighting":true,"audioPlay":false,"sceneViewState":{"showFog":true,"showMaterialUpdate":true,"showSkybox":true,"showFlares":true,"showImageEffects":true,"showParticleSystems":true},"in2DMode":false,"pivot":{"x":4.246235370635986,"y":5.255472183227539,"z":9.961858749389649},"rotation":{"x":-0.161906898021698,"y":0.7078261971473694,"z":-0.17206408083438874,"w":-0.665793776512146},"size":2.598076581954956,"orthographic":false}