{"cameraMode":{"drawMode":0,"name":"Shaded","section":"Shading Mode"},"sceneLighting":false,"audioPlay":false,"sceneViewState":{"showFog":true,"showMaterialUpdate":true,"showSkybox":false,"showFlares":true,"showImageEffects":true,"showParticleSystems":true},"in2DMode":false,"pivot":{"x":38.65299987792969,"y":8.526000022888184,"z":0.0},"rotation":{"x":0.000001963472868737881,"y":0.9819024801254273,"z":-0.18934805691242219,"w":-2.632330797780469e-8},"size":0.4125822186470032,"orthographic":false}