{"cameraMode":{"drawMode":0,"name":"Shaded","section":"Shading Mode"},"sceneLighting":true,"audioPlay":false,"sceneViewState":{"showFog":true,"showMaterialUpdate":true,"showSkybox":true,"showFlares":true,"showImageEffects":true,"showParticleSystems":true},"in2DMode":false,"pivot":{"x":-25.37398910522461,"y":26.093948364257814,"z":-3.53623628616333},"rotation":{"x":-0.0006089960224926472,"y":0.9950443506240845,"z":-0.09966250509023667,"w":-0.006273388862609863},"size":4.793758869171143,"orthographic":false}