{"cameraMode":{"drawMode":0,"name":"Shaded","section":"Shading Mode"},"sceneLighting":true,"audioPlay":false,"sceneViewState":{"showFog":true,"showMaterialUpdate":true,"showSkybox":true,"showFlares":true,"showImageEffects":true,"showParticleSystems":true},"in2DMode":false,"pivot":{"x":-28.844568252563478,"y":28.65397834777832,"z":2.605219841003418},"rotation":{"x":0.0005919504328630865,"y":0.9962118268013,"z":0.006648107897490263,"w":-0.08719348162412644},"size":4.623631954193115,"orthographic":false}