{"cameraMode":{"drawMode":0,"name":"Shaded","section":"Shading Mode"},"sceneLighting":true,"audioPlay":false,"sceneViewState":{"showFog":true,"showMaterialUpdate":true,"showSkybox":true,"showFlares":true,"showImageEffects":true,"showParticleSystems":true},"in2DMode":false,"pivot":{"x":22.44708824157715,"y":3.5286591053009035,"z":14.826253890991211},"rotation":{"x":0.0012591626727953554,"y":0.9979413151741028,"z":0.06145029515028,"w":-0.01946086436510086},"size":0.6339746713638306,"orthographic":false}