{"cameraMode":{"drawMode":0,"name":"Shaded","section":"Shading Mode"},"sceneLighting":true,"audioPlay":false,"sceneViewState":{"showFog":true,"showMaterialUpdate":true,"showSkybox":true,"showFlares":true,"showImageEffects":true,"showParticleSystems":true},"in2DMode":false,"pivot":{"x":-7.694977283477783,"y":13.272594451904297,"z":25.107088088989259},"rotation":{"x":0.00023976129887159914,"y":-0.9998033046722412,"z":0.012000497430562973,"w":0.018908321857452394},"size":2.2562665939331056,"orthographic":false}