{"cameraMode":{"drawMode":0,"name":"Shaded","section":"Shading Mode"},"sceneLighting":false,"audioPlay":false,"sceneViewState":{"showFog":true,"showMaterialUpdate":true,"showSkybox":false,"showFlares":true,"showImageEffects":true,"showParticleSystems":true},"in2DMode":false,"pivot":{"x":-13.370001792907715,"y":1.5561226606369019,"z":-0.029320716857910157},"rotation":{"x":0.007078171707689762,"y":0.9917575716972351,"z":-0.06256462633609772,"w":0.11204344034194946},"size":0.8138110041618347,"orthographic":false}