{"cameraMode":{"drawMode":0,"name":"Shaded","section":"Shading Mode"},"sceneLighting":true,"audioPlay":false,"sceneViewState":{"showFog":true,"showMaterialUpdate":true,"showSkybox":true,"showFlares":true,"showImageEffects":true,"showParticleSystems":true},"in2DMode":false,"pivot":{"x":-37.502593994140628,"y":-0.756697416305542,"z":-8.561710357666016},"rotation":{"x":0.001281172619201243,"y":-0.9988177418708801,"z":0.04197106882929802,"w":0.02754209376871586},"size":18.519447326660158,"orthographic":false}