{"cameraMode":{"drawMode":0,"name":"Shaded","section":"Shading Mode"},"sceneLighting":false,"audioPlay":false,"sceneViewState":{"showFog":true,"showMaterialUpdate":true,"showSkybox":false,"showFlares":true,"showImageEffects":true,"showParticleSystems":true},"in2DMode":false,"pivot":{"x":-24.242305755615236,"y":28.04710578918457,"z":-0.1406545639038086},"rotation":{"x":-0.005293713416904211,"y":0.9904286861419678,"z":-0.1323450356721878,"w":-0.04194740951061249},"size":0.451022744178772,"orthographic":false}