{"cameraMode":{"drawMode":0,"name":"Shaded","section":"Shading Mode"},"sceneLighting":false,"audioPlay":false,"sceneViewState":{"showFog":true,"showMaterialUpdate":true,"showSkybox":false,"showFlares":true,"showImageEffects":true,"showParticleSystems":true},"in2DMode":false,"pivot":{"x":-13.536651611328125,"y":7.7775774002075199,"z":0.34773480892181399},"rotation":{"x":-0.003381870687007904,"y":0.9959295392036438,"z":-0.0801718533039093,"w":-0.04215608537197113},"size":0.9510021805763245,"orthographic":false}