{"cameraMode":{"drawMode":0,"name":"Shaded","section":"Shading Mode"},"sceneLighting":true,"audioPlay":false,"sceneViewState":{"showFog":true,"showMaterialUpdate":true,"showSkybox":true,"showFlares":true,"showImageEffects":true,"showParticleSystems":true},"in2DMode":false,"pivot":{"x":25.795345306396486,"y":7.324431896209717,"z":-4.210729598999023},"rotation":{"x":-0.00361804710701108,"y":0.9949343204498291,"z":-0.09279558062553406,"w":-0.03882274776697159},"size":3.7244956493377687,"orthographic":false}