{"cameraMode":{"drawMode":0,"name":"Shaded","section":"Shading Mode"},"sceneLighting":true,"audioPlay":false,"sceneViewState":{"showFog":true,"showMaterialUpdate":true,"showSkybox":true,"showFlares":true,"showImageEffects":true,"showParticleSystems":true},"in2DMode":false,"pivot":{"x":22.884435653686525,"y":9.645751953125,"z":9.822065353393555},"rotation":{"x":0.0011995983077213169,"y":0.9916101694107056,"z":-0.12894420325756074,"w":0.009223496541380883},"size":6.1963582038879398,"orthographic":false}