{"cameraMode":{"drawMode":0,"name":"Shaded","section":"Shading Mode"},"sceneLighting":false,"audioPlay":false,"sceneViewState":{"showFog":true,"showMaterialUpdate":true,"showSkybox":false,"showFlares":true,"showImageEffects":true,"showParticleSystems":true},"in2DMode":false,"pivot":{"x":38.77193069458008,"y":8.200923919677735,"z":17.131868362426759},"rotation":{"x":-0.1426071673631668,"y":0.8211613893508911,"z":0.23390835523605348,"w":0.5006385445594788},"size":3.4639549255371095,"orthographic":false}