{"cameraMode":{"drawMode":0,"name":"Shaded","section":"Shading Mode"},"sceneLighting":false,"audioPlay":false,"sceneViewState":{"showFog":true,"showMaterialUpdate":true,"showSkybox":false,"showFlares":true,"showImageEffects":true,"showParticleSystems":true},"in2DMode":false,"pivot":{"x":5.751523017883301,"y":5.029021263122559,"z":13.711793899536133},"rotation":{"x":-0.01250256597995758,"y":0.9818109273910523,"z":-0.1764560341835022,"w":-0.0696328803896904},"size":0.6243513822555542,"orthographic":false}