{"cameraMode":{"drawMode":0,"name":"Shaded","section":"Shading Mode"},"sceneLighting":true,"audioPlay":false,"sceneViewState":{"showFog":true,"showMaterialUpdate":true,"showSkybox":true,"showFlares":true,"showImageEffects":true,"showParticleSystems":true},"in2DMode":false,"pivot":{"x":11.005717277526856,"y":4.79841947555542,"z":-16.066673278808595},"rotation":{"x":-0.0009289489826187491,"y":0.999038577079773,"z":-0.03479018062353134,"w":-0.02667958475649357},"size":19.897714614868165,"orthographic":false}