{"cameraMode":{"drawMode":0,"name":"Shaded","section":"Shading Mode"},"sceneLighting":true,"audioPlay":false,"sceneViewState":{"showFog":true,"showMaterialUpdate":true,"showSkybox":true,"showFlares":true,"showImageEffects":true,"showParticleSystems":true},"in2DMode":false,"pivot":{"x":4.001648902893066,"y":-8.46879768371582,"z":-110.4495849609375},"rotation":{"x":-0.004246487282216549,"y":0.9941802024841309,"z":-0.04327878728508949,"w":-0.09875061362981796},"size":58.67582321166992,"orthographic":false}