{"cameraMode":{"drawMode":0,"name":"Shaded","section":"Shading Mode"},"sceneLighting":false,"audioPlay":false,"sceneViewState":{"showFog":true,"showMaterialUpdate":true,"showSkybox":false,"showFlares":true,"showImageEffects":true,"showParticleSystems":true},"in2DMode":false,"pivot":{"x":-40.76213073730469,"y":27.708641052246095,"z":-0.37293410301208498},"rotation":{"x":-0.0029390256386250259,"y":0.9969738125801086,"z":-0.06289369612932205,"w":-0.046393729746341708},"size":1.4980322122573853,"orthographic":false}