{"cameraMode":{"drawMode":0,"name":"Shaded","section":"Shading Mode"},"sceneLighting":false,"audioPlay":false,"sceneViewState":{"showFog":true,"showMaterialUpdate":true,"showSkybox":false,"showFlares":true,"showImageEffects":true,"showParticleSystems":true},"in2DMode":false,"pivot":{"x":-0.08045734465122223,"y":0.8952811360359192,"z":2.4977712631225588},"rotation":{"x":0.008088366128504277,"y":0.9690124988555908,"z":-0.24485009908676148,"w":0.03198826313018799},"size":0.6656011939048767,"orthographic":false}