{"cameraMode":{"drawMode":0,"name":"Shaded","section":"Shading Mode"},"sceneLighting":false,"audioPlay":false,"sceneViewState":{"showFog":true,"showMaterialUpdate":true,"showSkybox":false,"showFlares":true,"showImageEffects":true,"showParticleSystems":true},"in2DMode":false,"pivot":{"x":-34.56464767456055,"y":26.769495010375978,"z":0.16450200974941255},"rotation":{"x":0.0035073866602033378,"y":0.992476224899292,"z":-0.0291120782494545,"w":0.11936783790588379},"size":0.2964763939380646,"orthographic":false}