{"cameraMode":{"drawMode":0,"name":"Shaded","section":"Shading Mode"},"sceneLighting":false,"audioPlay":false,"sceneViewState":{"showFog":true,"showMaterialUpdate":true,"showSkybox":false,"showFlares":true,"showImageEffects":true,"showParticleSystems":true},"in2DMode":false,"pivot":{"x":29.979999542236329,"y":5.940000057220459,"z":0.0},"rotation":{"x":-0.008133666589856148,"y":0.9916619658470154,"z":-0.09484423696994782,"w":-0.08830762654542923},"size":0.35836440324783327,"orthographic":false}