{"cameraMode":{"drawMode":0,"name":"Shaded","section":"Shading Mode"},"sceneLighting":true,"audioPlay":false,"sceneViewState":{"showFog":true,"showMaterialUpdate":true,"showSkybox":true,"showFlares":true,"showImageEffects":true,"showParticleSystems":true},"in2DMode":false,"pivot":{"x":24.64617156982422,"y":0.5030935406684876,"z":-7.237335681915283},"rotation":{"x":0.004848430398851633,"y":0.9919890761375427,"z":-0.11961293965578079,"w":0.04019736126065254},"size":6.685393333435059,"orthographic":false}