{"cameraMode":{"drawMode":0,"name":"Shaded","section":"Shading Mode"},"sceneLighting":true,"audioPlay":false,"sceneViewState":{"showFog":true,"showMaterialUpdate":true,"showSkybox":true,"showFlares":true,"showImageEffects":true,"showParticleSystems":true},"in2DMode":false,"pivot":{"x":35.66252517700195,"y":19.151409149169923,"z":35.81517791748047},"rotation":{"x":-0.0021322655957192184,"y":0.98404860496521,"z":-0.17754162847995759,"w":-0.01180936861783266},"size":2.824495792388916,"orthographic":false}