{"cameraMode":{"drawMode":0,"name":"Shaded","section":"Shading Mode"},"sceneLighting":true,"audioPlay":false,"sceneViewState":{"showFog":true,"showMaterialUpdate":true,"showSkybox":true,"showFlares":true,"showImageEffects":true,"showParticleSystems":true},"in2DMode":false,"pivot":{"x":23.526086807250978,"y":13.417010307312012,"z":-35.563175201416019},"rotation":{"x":-0.0013030924601480365,"y":0.6908315420150757,"z":-0.001255553332157433,"w":-0.7230501174926758},"size":8.586474418640137,"orthographic":false}