{"cameraMode":{"drawMode":0,"name":"Shaded","section":"Shading Mode"},"sceneLighting":true,"audioPlay":false,"sceneViewState":{"showFog":true,"showMaterialUpdate":false,"showSkybox":true,"showFlares":true,"showImageEffects":true,"showParticleSystems":true},"in2DMode":false,"pivot":{"x":-27.10419273376465,"y":10.9002046585083,"z":19.55585289001465},"rotation":{"x":0.015505073592066765,"y":0.9688714742660523,"z":-0.23895765841007234,"w":0.06287263333797455},"size":10.0,"orthographic":false}