{"cameraMode":{"drawMode":0,"name":"Shaded","section":"Shading Mode"},"sceneLighting":false,"audioPlay":false,"sceneViewState":{"m_AlwaysRefresh":true,"showFog":true,"showSkybox":false,"showFlares":true,"showImageEffects":true,"showParticleSystems":true,"showVisualEffectGraphs":true,"m_FxEnabled":true},"in2DMode":false,"pivot":{"x":-176.45567321777345,"y":56.064552307128909,"z":15.007036209106446},"rotation":{"x":-0.0013228598982095719,"y":-0.9972476363182068,"z":-0.023967748507857324,"w":0.07246018201112747},"size":0.8660253882408142,"orthographic":false}