{"cameraMode":{"drawMode":0,"name":"Shaded","section":"Shading Mode"},"sceneLighting":false,"audioPlay":false,"sceneViewState":{"m_AlwaysRefresh":true,"showFog":true,"showSkybox":false,"showFlares":true,"showImageEffects":true,"showParticleSystems":true,"showVisualEffectGraphs":true,"m_FxEnabled":true},"in2DMode":false,"pivot":{"x":0.6130275130271912,"y":1.8839491605758668,"z":3.290020704269409},"rotation":{"x":0.005000285804271698,"y":-0.984425961971283,"z":0.17335303127765656,"w":0.02834814228117466},"size":0.8660253882408142,"orthographic":false}