{"cameraMode":{"drawMode":0,"name":"Shaded","section":"Shading Mode"},"sceneLighting":false,"audioPlay":false,"sceneViewState":{"m_AlwaysRefresh":true,"showFog":true,"showSkybox":false,"showFlares":true,"showImageEffects":true,"showParticleSystems":true,"showVisualEffectGraphs":true,"m_FxEnabled":true},"in2DMode":false,"pivot":{"x":0.028643332421779634,"y":0.4333232045173645,"z":0.33817461133003237},"rotation":{"x":-0.0020059896633028986,"y":-0.9975845217704773,"z":-0.032932162284851077,"w":0.06082667410373688},"size":0.32930734753608706,"orthographic":false}