{"cameraMode":{"drawMode":0,"name":"Shaded","section":"Shading Mode"},"sceneLighting":false,"audioPlay":false,"sceneViewState":{"m_AlwaysRefresh":true,"showFog":true,"showSkybox":false,"showFlares":true,"showImageEffects":true,"showParticleSystems":true,"showVisualEffectGraphs":true,"m_FxEnabled":true},"in2DMode":false,"pivot":{"x":0.3649887442588806,"y":0.36192092299461367,"z":0.8266860842704773},"rotation":{"x":0.013645104132592678,"y":-0.9008859395980835,"z":0.02838464081287384,"w":0.4328460693359375},"size":0.32930734753608706,"orthographic":false}