{"cameraMode":{"drawMode":0,"name":"Shaded","section":"Shading Mode"},"sceneLighting":false,"audioPlay":false,"sceneViewState":{"m_AlwaysRefresh":true,"showFog":true,"showSkybox":false,"showFlares":true,"showImageEffects":true,"showParticleSystems":true,"showVisualEffectGraphs":true,"m_FxEnabled":true},"in2DMode":false,"pivot":{"x":0.09826581925153732,"y":0.4642130136489868,"z":1.7915667295455933},"rotation":{"x":0.019804293289780618,"y":-0.9787517786026001,"z":0.11503784358501435,"w":0.16841112077236176},"size":0.6293073892593384,"orthographic":false}