{"cameraMode":{"drawMode":0,"name":"Shaded","section":"Shading Mode"},"sceneLighting":false,"audioPlay":false,"sceneViewState":{"m_AlwaysRefresh":true,"showFog":true,"showSkybox":false,"showFlares":true,"showImageEffects":true,"showParticleSystems":true,"showVisualEffectGraphs":true,"m_FxEnabled":true},"in2DMode":false,"pivot":{"x":0.26088035106658938,"y":0.4642130434513092,"z":1.7462480068206788},"rotation":{"x":0.011825869791209698,"y":-0.9880338311195374,"z":0.11612950265407562,"w":0.10053014010190964},"size":0.6293073892593384,"orthographic":false}